,Unit,Model,Serial,LastSMR
0,ET701 ,730E-8,A40035,2020-02-16 10:31:00
1,ET702 ,730E-8,A40036,2020-02-16 10:32:00
2,ET703 ,730E-8,A40037,2020-02-15 06:17:00
3,ET704 ,730E-8,A40038,2020-02-16 06:18:00
4,ET705 ,730E-8,A40039,2020-02-16 06:46:00
5,ET706 ,730E-8,A40040,2020-02-16 10:35:00
6,HT209 ,830E-17,A30880,2012-06-11 12:00:00
7,HT141 Cardinal River ,830E-17,A30881,2019-06-28 05:35:00
8,HT945 Elkview ,830E-17,A30883,2020-02-14 05:19:00
9,HT120 Fording River ,830E-17,A30884,2015-04-16 05:01:00
10,HT212 (LCO) ,830E-17AC,A30070,2015-02-27 12:35:00
11,HT219 (LCO) ,830E-17AC,A30085,2015-10-22 09:17:00
12,HT210 (LCO) ,830E-17AC,A30106,2016-04-09 03:26:00
13,HT211 (LCO) ,830E-17AC,A30107,2017-09-23 09:37:00
14,HT142 Cardinal River ,830E-1AC,A30182,2020-02-12 05:51:00
15,MT281 ,830E-1AC,A30186,2020-02-16 12:14:00
16,MT282 ,830E-1AC,A30187,2020-02-16 08:54:00
17,MT280 ,830E-1AC,A30190,2020-02-10 12:00:00
18,MT283 ,830E-1AC,A30191,2015-01-04 01:34:00
19,MT284 ,830E-1AC,A30192,2015-10-03 04:16:00
20,MT285 ,830E-1AC,A30193,2020-02-16 10:00:00
21,HT143 Cardinal River ,830E-1AC,A30196,2020-01-07 11:48:00
22,1341 ,830E-1AC,A30236,2014-08-02 07:53:00
23,1342 ,830E-1AC,A30237,2020-02-16 08:22:00
24,1343 ,830E-1AC,A30238,2013-04-08 06:48:00
25,1344 ,830E-1AC,A30239,2020-02-16 12:00:00
26,1345 ,830E-1AC,A30244,2020-02-16 04:54:00
27,1346 ,830E-1AC,A30245,2019-11-09 11:38:00
28,1347 ,830E-1AC,A30246,2020-02-16 09:31:00
29,5491 ,830E-1AC,A30247,2016-11-11 04:18:00
30,HT834 Elkview ,930E-4,A31375,2020-02-16 08:07:00
31,HT835 Elkview ,930E-4,A31376,2018-10-24 12:21:00
32,HT836 Elkview ,930E-4,A31378,2018-06-19 04:31:00
33,HT837 Elkview ,930E-4,A31397,2014-10-05 08:14:00
34,HT838 Elkview ,930E-4,A31406,2015-08-29 10:29:00
35,2651 ,930E-4,A31419,2017-07-19 08:56:00
36,HT839 Elkview ,930E-4,A31436,2012-10-25 03:36:00
37,HT840 Elkview ,930E-4,A31437,2020-02-15 09:14:00
38,2652 ,930E-4,A31442,2019-12-08 03:35:00
39,HT582 Fording River ,930E-4,A31461,2018-11-28 10:08:00
40,HT583 Fording River ,930E-4,A31465,2018-04-17 09:02:00
41,HT787 Greenhills ,930E-4,A31469,2020-02-11 10:58:00
42,HT841 Elkview ,930E-4,A31470,2019-04-02 10:26:00
43,2664 ,930E-4,A31480,2019-10-05 07:16:00
44,4-186 ,930E-4,A31492,2019-08-10 12:00:00
45,2653 ,930E-4,A31499,2016-01-11 03:04:00
46,2654 ,930E-4,A31503,2020-02-16 04:25:00
47,HT796 Greenhills ,930E-4,A31511,2014-02-16 06:55:00
48,2655 ,930E-4,A31515,2017-05-20 12:00:00
49,2662 ,930E-4,A31519,2019-07-23 01:54:00
50,2656 ,930E-4,A31524,2017-03-26 06:11:00
51,2663 ,930E-4,A31525,2017-11-05 04:07:00
52,4-185 ,930E-4,A31537,2020-02-16 04:33:00
53,HT797 Greenhills ,930E-4,A31569,2019-12-12 03:06:00
54,HT798 Greenhills ,930E-4,A31571,2020-02-13 07:20:00
55,HT584 ,930E-4,A31573,2020-02-16 07:37:00
56,2658 ,930E-4,A31589,2016-03-02 05:49:00
57,2657 ,930E-4,A31590,2020-02-16 03:04:00
58,2659 ,930E-4,A31599,2020-02-16 09:17:00
59,2660 ,930E-4,A31604,2017-05-23 02:07:00
60,4-184 ,930E-4,A31609,2020-02-15 11:43:00
61,2661 ,930E-4,A31620,2019-08-06 12:00:00
62,HT586 ,930E-4,A31622,2013-08-08 01:06:00
63,HT585 ,930E-4,A31626,2014-10-08 12:00:00
64,0274 ,930E-4,A31634,2020-02-16 07:22:00
65,4-194 ,930E-4,A31657,2017-05-05 04:24:00
66,HT788 Greenhills ,930E-4,A31681,2018-06-12 05:15:00
67,HT789 Greenhills ,930E-4,A31683,2017-09-08 02:55:00
68,HT790 Greenhills ,930E-4,A31693,2020-02-10 08:00:00
69,HT791 Greenhills ,930E-4,A31701,2020-01-28 06:18:00
70,HT792 Greenhills ,930E-4,A31710,2019-08-04 01:33:00
71,HT793 Greenhills ,930E-4,A31714,2016-05-08 05:44:00
72,HT794 Greenhills ,930E-4,A31738,2019-11-18 05:53:00
73,HT795 Greenhills ,930E-4,A31740,2020-02-12 03:51:00
74,HT830 Elkview ,930E-4,A31159,2016-10-24 08:51:00
75,HT779 Greenhills ,930E-4,A31161,2019-12-24 10:15:00
76,HT780 Greenhills ,930E-4,A31162,2015-01-13 11:18:00
77,HT821 Elkview ,930E-4,A31174,2020-02-08 08:14:00
78,HT822 Elkview ,930E-4,A31176,2020-02-16 12:57:00
79,2649 ,930E-4,A31178,2017-09-07 12:00:00
80,2650 ,930E-4,A31180,2020-02-16 02:34:00
81,2647 ,930E-4,A31181,2019-08-13 04:46:00
82,2648 ,930E-4,A31182,2013-06-13 12:24:00
83,HT823 Elkview ,930E-4,A31183,2020-01-06 05:10:00
84,HT824 Elkview ,930E-4,A31189,2017-11-27 05:29:00
85,HT825 Elkview ,930E-4,A31191,2015-07-30 11:15:00
86,HT826 Elkview ,930E-4,A31197,2020-02-16 09:11:00
87,HT827 Elkview ,930E-4,A31199,2011-11-07 05:56:00
88,HT831 Elkview ,930E-4,A31320,2017-04-04 12:00:00
89,HT832 Elkview ,930E-4,A31350,2016-05-26 03:37:00
90,HT833 Elkview ,930E-4,A31351,2017-06-24 07:40:00
91,0275 ,930E-4,A31886,2020-02-16 12:01:00
92,0276 ,930E-4,A31887,2020-02-14 01:06:00
93,0277 ,930E-4,A31888,2020-02-09 06:49:00
94,4-187 ,930E-4,A32005,2020-02-16 10:32:00
95,4-188 ,930E-4,A32006,2019-07-27 03:18:00
96,4-189 ,930E-4,A32008,2020-02-16 10:00:00
97,4-190 ,930E-4,A32009,2020-02-16 09:03:00
98,4-191 ,930E-4,A32010,2020-02-16 10:07:00
99,4192 ,930E-4,A32014,2020-02-16 12:18:00
100,0278 ,930E-4AT,A31889,2020-02-04 09:44:00
101,0279 ,930E-4AT,A31890,2019-10-25 03:03:00
102,0280 ,930E-4AT,A31903,2020-02-16 12:00:00
103,0281 ,930E-4AT,A31904,2020-02-15 03:22:00
104,0282 ,930E-4AT,A31905,2020-02-13 08:05:00
105,0286 ,930E-4AT,A31906,2020-02-09 08:37:00
106,0287 ,930E-4AT,A31907,2020-02-13 12:00:00
107,0288 ,930E-4AT,A31908,2020-02-16 02:27:00
108,0290 ,930E-4AT,A31909,2020-02-16 08:13:00
109,0291 ,930E-4AT,A31910,2020-02-16 12:01:00
110,0292 ,930E-4AT,A31913,2020-02-14 01:06:00
111,0283 ,930E-4AT,A31914,2020-01-31 10:01:00
112,0284 ,930E-4AT,A31915,2020-02-02 02:12:00
113,0285 ,930E-4AT,A31916,2020-02-16 09:35:00
114,0293 ,930E-4AT,A31917,2020-02-16 12:00:00
115,0294 ,930E-4AT,A31918,2020-02-16 12:00:00
116,HT587 ,930E-5,A40022,2020-02-16 11:48:00
117,HT588 ,930E-5,A40024,2020-02-16 11:38:00
118,HT589 ,930E-5,A40025,2020-02-16 11:07:00
119,301 ,980E-4,A40003,2020-02-16 05:23:00
120,302 ,980E-4,A40004,2020-02-16 09:54:00
121,303 ,980E-4,A40005,2020-02-16 09:18:00
122,304 ,980E-4,A40006,2020-02-16 12:00:00
123,305 ,980E-4,A40007,2020-02-16 07:13:00
124,306 ,980E-4,A40008,2020-02-16 09:54:00
125,307 ,980E-4,A40009,2020-02-16 06:49:00
126,308 ,980E-4,A40010,2019-11-28 12:00:00
127,309 ,980E-4,A40011,2020-02-16 09:35:00
128,310 ,980E-4,A40012,2020-02-16 09:16:00
129,311 ,980E-4,A40013,2020-02-11 03:44:00
130,312 ,980E-4,A40014,2020-02-12 03:04:00
131,313 ,980E-4,A40015,2020-02-16 12:00:00
132,314 ,980E-4,A40016,2020-02-16 12:00:00
133,F301 - Fort Hills ,980E-4,A40017,2020-02-16 08:15:00
134,F302 - Fort Hills ,980E-4,A40018,2020-02-15 10:30:00
135,315 ,980E-4,A40019,2020-02-16 03:49:00
136,316 ,980E-4,A40020,2020-02-16 09:38:00
137,317 ,980E-4,A40021,2020-02-16 12:02:00
138,318 ,980E-4,A40022,2020-02-08 02:35:00
139,F303 - Fort Hills ,980E-4,A40023,2020-02-16 12:00:00
140,F304 - Fort Hills ,980E-4,A40024,2020-01-24 01:30:00
141,F305 - Fort Hills ,980E-4,A40025,2020-02-16 01:22:00
142,F306 - Fort Hills ,980E-4,A40026,2020-02-16 03:49:00
143,F307 - Fort Hills ,980E-4,A40027,2020-02-16 03:24:00
144,F308 - Fort Hills ,980E-4,A40028,2019-05-11 02:13:00
145,F309 - Fort Hills ,980E-4,A40029,2020-02-16 04:33:00
146,F310 - Fort Hills ,980E-4,A40030,2020-02-16 03:29:00
147,F311 - Fort Hills ,980E-4,A40033,2020-02-16 07:07:00
148,F312 - Fort Hills ,980E-4,A40034,2020-02-10 07:25:00
149,F313 - Fort Hills ,980E-4,A40035,2020-02-16 10:50:00
150,F314 - Fort Hills ,980E-4,A40036,2020-02-04 06:43:00
151,F315 - Fort Hills ,980E-4,A40037,2020-01-27 10:09:00
152,319 ,980E-4,A40038,2020-01-19 12:00:00
153,F316 - Fort Hills ,980E-4,A40039,2020-02-16 08:00:00
154,F317 - Fort Hills ,980E-4,A40040,2020-02-10 08:19:00
155,F318 - Fort Hills ,980E-4,A40041,2020-02-16 06:59:00
156,F319 - Fort Hills ,980E-4,A40042,2020-02-16 07:01:00
157,F320 - Fort Hills ,980E-4,A40045,2020-02-16 12:00:00
158,F321 - Fort Hills ,980E-4,A40046,2020-02-16 07:56:00
159,F322 - Fort Hills ,980E-4,A40047,2020-02-16 05:01:00
160,F323 - Fort Hills ,980E-4,A40048,2020-02-16 05:00:00
161,F324 - Fort Hills ,980E-4,A40049,2019-03-22 05:27:00
162,F325 - Fort Hills ,980E-4,A40052,2020-02-16 10:43:00
163,F326 - Fort Hills ,980E-4,A40053,2020-02-16 05:00:00
164,320 ,980E-4,A40054,2020-01-31 12:58:00
165,321 ,980E-4,A40055,2020-02-16 03:09:00
166,322 ,980E-4,A40056,2020-02-16 11:52:00
167,323 ,980E-4,A40057,2020-02-16 08:33:00
168,324 ,980E-4,A40058,2020-02-10 06:45:00
169,325 ,980E-4,A40059,2020-02-09 04:22:00
170,326 ,980E-4,A40060,2020-02-16 03:03:00
171,327 ,980E-4,A40061,2020-02-11 11:04:00
172,328 ,980E-4,A40062,2020-02-14 10:34:00
173,329 ,980E-4,A40063,2020-02-16 12:00:00
174,330 ,980E-4,A40064,2020-02-16 12:00:00
175,331 ,980E-4,A40065,2020-02-16 02:59:00
176,332 ,980E-4,A40068,2020-02-07 12:00:00
177,333 ,980E-4,A40069,2020-02-16 03:21:00
178,334 ,980E-4,A40070,2020-02-16 12:42:00
179,335 ,980E-4,A40072,2020-02-10 11:17:00
180,336 ,980E-4,A40073,2020-02-16 12:10:00
181,F327 - Fort Hills ,980E-4,A40074,2020-02-16 01:42:00
182,F328 - Fort Hills ,980E-4,A40075,2020-02-16 05:07:00
183,337 ,980E-4,A40076,2020-02-16 09:47:00
184,338 ,980E-4,A40077,2020-02-16 08:21:00
185,339 ,980E-4,A40081,2020-02-16 08:49:00
186,F329 - Fort Hills ,980E-4,A40082,2020-02-15 09:29:00
187,F330 - Fort Hills ,980E-4,A40088,2020-01-27 05:21:00
188,340 ,980E-4AT,A40083,2020-02-16 01:51:00
189,341 ,980E-4AT,A40084,2020-02-16 05:21:00
190,342 ,980E-4AT,A40085,2020-02-16 03:28:00
191,343 ,980E-4AT,A40086,2020-02-16 11:13:00
192,344 ,980E-4AT,A40087,2020-02-16 07:42:00
193,345 ,980E-4AT,A40089,2020-02-16 05:19:00
194,346 ,980E-4AT,A40090,2020-02-16 05:32:00
195,347 ,980E-4AT,A40091,2020-02-16 12:00:00
196,348 ,980E-4AT,A40092,2020-02-16 03:02:00
197,349 ,980E-4AT,A40093,2020-02-16 03:27:00
198,350 ,980E-4AT,A40094,2020-02-16 05:14:00
199,351 ,980E-4AT,A40095,2020-02-16 03:40:00
200,352 ,980E-4AT,A40096,2020-02-16 12:00:00
201,F331 - Fort Hills ,980E-4AT,A40097,2020-02-16 06:40:00
202,F332 - Fort Hills ,980E-4AT,A40098,2020-02-16 05:11:00
203,F333 - Fort Hills ,980E-4AT,A40099,2020-01-26 06:43:00
204,F334 -  Fort Hills ,980E-4AT,A40100,2020-01-24 11:13:00
205,F335 - Fort Hills ,980E-4AT,A40101,2020-01-22 12:59:00
206,F336 - Fort Hills ,980E-4AT,A40102,2019-09-21 01:50:00
207,F337 - Fort Hills ,980E-4AT,A40103,2020-02-16 12:00:00
208,F338 - Fort Hills ,980E-4AT,A40104,2020-02-13 12:00:00
209,353 ,980E-4AT,A40105,2020-02-16 06:53:00
210,354 ,980E-4AT,A40106,2020-02-16 11:30:00
211,355 ,980E-4AT,A40107,2020-02-16 03:53:00
212,356 ,980E-4AT,A40108,2020-02-16 12:00:00
213,357 ,980E-4AT,A40109,2020-02-16 09:01:00
214,358 ,980E-4AT,A40110,2020-02-15 12:28:00
215,359 ,980E-4AT,A40111,2020-01-31 06:44:00
216,360 ,980E-4AT,A40112,2020-02-16 08:22:00
217,F339 - Fort Hills ,980E-4AT,A40113,2020-02-16 10:27:00
218,F340 - Fort Hills ,980E-4AT,A40114,2020-02-16 12:00:00
219,F341 - Fort Hills ,980E-4AT,A40115,2020-02-15 09:02:00
220,F342 - Fort Hills ,980E-4AT,A40116,2020-02-12 02:54:00
221,HT950 ,980E-4AT,A40119,2020-02-16 12:00:00
222,HT951 ,980E-4AT,A40120,2020-02-16 06:14:00
223,HT952 ,980E-4AT,A40121,2020-02-16 03:54:00
224,HT953 ,980E-4AT,A40122,2020-02-16 07:31:00
225,HT954 ,980E-4AT,A40123,2020-02-16 07:45:00
226,F343 - Fort Hills ,980E-4AT,A40125,2020-01-29 08:15:00
227,F344 - Fort Hills ,980E-4AT,A40126,2020-02-16 09:11:00
228,F345 - Fort Hills ,980E-4AT,A40127,2020-02-16 10:32:00
229,F346 - Fort Hills ,980E-4AT,A40128,2020-02-03 09:37:00
230,F347 - Fort Hills ,980E-4AT,A40129,2020-02-15 03:25:00
231,361 ,980E-5,A50003,2020-02-12 12:03:00
232,362 ,980E-5,A50004,2020-02-16 12:01:00
233,363 ,980E-5,A50005,2020-02-16 12:16:00
234,HT955 ,980E-5,A50006,2020-02-16 11:37:00
235,HT956 ,980E-5,A50007,2020-02-16 12:14:00
236,364 ,980E-5,A50008,2020-02-14 04:09:00
237,365 ,980E-5,A50009,2020-02-16 11:33:00
238,366 ,980E-5,A50010,2020-02-15 10:49:00
239,367 ,980E-5,A50011,2020-02-16 11:53:00
240,368 ,980E-5,A50012,2020-02-16 10:23:00
241,369 ,980E-5,A50013,2020-02-16 12:00:00
242,370 ,980E-5,A50014,2020-02-16 12:22:00
243,371 ,980E-5,A50015,2020-02-16 09:36:00
244,372 ,980E-5,A50016,2020-02-16 12:16:00
245,373 ,980E-5,A50017,2020-02-16 11:12:00
246,374 ,980E-5,A50018,2020-02-16 11:51:00
247,375 ,980E-5,A50019,2020-02-16 12:18:00
248,376 ,980E-5,A50020,2020-02-16 11:58:00
249,377 ,980E-5,A50021,2020-02-15 11:32:00
250,378 ,980E-5,A50022,2020-02-15 11:58:00
251,HT957 ,980E-5,A50023,2020-02-16 12:29:00
252,HT958 ,980E-5,A50024,2020-02-16 12:25:00
253,379 ,980E-5,A50025,2019-06-28 08:03:00
254,380 ,980E-5,A50026,2020-02-16 11:22:00
255,381 ,980E-5,A50027,2020-02-16 11:59:00
256,382 ,980E-5,A50028,2020-02-10 03:47:00
257,383 ,980E-5,A50044,2020-02-14 10:07:00
258,384 ,980E-5,A50045,2020-02-13 05:42:00
259, ,D375A-5E0,50015,2019-11-06 03:05:00
260, ,D375A-5E0,50016,2019-11-15 07:32:00
261, ,D375A-5E0,50022,2020-01-22 11:31:00
262, ,D375A-5E0,50023,2016-08-21 06:53:00
263,CT014 ,D375A-5E0,50024,2019-04-09 12:48:00
264, ,D375A-5E0,50060,2011-11-16 02:22:00
265,DZA06 ,D375A-5E0,50075,2020-02-14 05:40:00
266,GH RAMP DZ217 ,D375A-5E0,50076,2015-03-22 08:56:00
267, ,D375A-5E0,50079,2018-09-08 06:25:00
268,30-016 ,D375A-5E0,50082,2018-10-17 01:24:00
269,30-017 ,D375A-5E0,50088,2019-10-17 09:33:00
270,30-019 ,D375A-5E0,50098,2017-02-17 12:26:00
271,30-022 ,D375A-5E0,50127,2018-05-17 06:52:00
272, ,D375A-5E0,50138,2013-06-21 01:03:00
273,Sales ,D375A-6,60002,2012-01-30 12:06:00
274,380 ,D375A-6,60003,2014-10-22 02:27:00
275,DZ216 Greenhills ,D375A-6,60004,2013-01-14 06:42:00
276,DZA01 ,D375A-6,60008,2020-02-16 02:10:00
277,DZ052 CM ,D375A-6,60009,2013-06-07 05:23:00
278,DZA02 ,D375A-6,60010,2020-02-16 07:26:00
279, ,D375A-6,60017,2017-02-15 09:58:00
280, ,D375A-6,60018,2020-02-15 02:38:00
281, ,D375A-6,60020,2017-02-11 07:28:00
282,DZ-009 ,D375A-6,60021,2020-01-28 03:34:00
283,DZA07 ,D375A-6,60032,2020-02-03 11:46:00
284, ,D375A-6,60050,2017-04-28 07:19:00
285,E523 ,D375A-6,60094,2020-02-16 10:20:00
286, ,D375A-6,60095,2020-02-14 10:46:00
287,4490 ,D375A-6,60214,2020-01-31 08:55:00
288,DZ-001 ,D375A-6,60218,2016-10-21 07:27:00
289,DZA08 ,D375A-6,60270,2016-09-01 12:18:00
290,4401 ,D375A-6,60277,2017-01-30 08:18:00
291,4493 ,D375A-6,60285,2019-05-04 10:39:00
292,DZ-006 ,D375A-6,60286,2020-02-06 11:00:00
293,405 ,D375A-6,60287,2018-02-28 09:52:00
294,DZ-002 ,D375A-6,60297,2015-01-15 02:00:00
295,DZ-003 ,D375A-6,60301,2015-04-28 07:05:00
296,403 ,D375A-6,60304,2019-08-01 05:12:00
297,DZ-004 ,D375A-6,60320,2018-08-14 09:54:00
298,4494 ,D375A-6,60351,2019-06-28 07:29:00
299,4495 ,D375A-6,60352,2019-07-08 11:49:00
300,DZ-005 ,D375A-6,60356,2020-02-10 09:00:00
301,4403 ,D375A-6,60365,2017-05-18 12:36:00
302, ,D375A-8,80020,2020-02-16 07:18:00
303, ,D475A-5,20009,2010-11-22 01:21:00
304, ,D475A-5,20020,2013-06-20 09:36:00
305, ,D475A-5,20056,2006-08-28 10:29:00
306, ,D475A-5,20057,2009-11-28 07:52:00
307, ,D475A-5,20083,2019-10-13 08:15:00
308, ,D475A-5,20093,2008-12-10 10:55:00
309,C1101 ,D475A-5,20102,2014-04-05 01:24:00
310, ,D475A-5E0,30082,2011-07-04 01:48:00
311, ,D475A-5E0,30110,2012-08-14 11:12:00
312, ,D475A-5E0,30122,2013-11-17 12:39:00
313,DZ257 Greenhills ,D475A-5E0,30165,2017-08-24 04:42:00
314,DZ252 Greenhills ,D475A-5E0,30176,2015-03-19 11:53:00
315,DZ255 Greenhills ,D475A-5E0,30180,2017-11-08 11:57:00
316,DZ253 Greenhills ,D475A-5E0,30186,2015-08-24 11:05:00
317,DZ254 Greenhills ,D475A-5E0,30191,2015-08-24 01:54:00
318,DZ264 Greenhills ,D475A-5E0,30350,2019-03-23 08:09:00
319,4491 ,D475A-5E0,30365,2020-01-25 06:20:00
320,Sunhills unit 5844 ,D475A-5E0,30369,2017-02-10 09:09:00
321,DZ259 Greenhills ,D475A-5E0,30374,2020-02-16 03:13:00
322,DZ260 Greenhills ,D475A-5E0,30376,2020-02-14 01:44:00
323,CR327 ,D475A-5E0,30378,2019-11-09 10:34:00
324,DZ261 Greenhills ,D475A-5E0,30400,2020-02-15 06:00:00
325,4496 ,D475A-5E0,30401,2019-07-29 10:14:00
326,401 ,D475A-5E0,30402,2020-02-13 03:52:00
327,DZ263 Greenhills ,D475A-5E0,30404,2020-02-09 12:18:00
328,402 ,D475A-5E0,30405,2020-01-20 07:26:00
329,DZ267 Greenhills ,D475A-5E0,30408,2019-05-01 10:38:00
330,1348 ,830E-1AC,A30248,2019-11-08 01:22:00
331,5492 ,830E-1AC,A30251,2020-01-02 04:00:00
332,5493 ,830E-1AC,A30252,2017-09-05 10:48:00
333,HTA01 ,830E-1AC,A30390,2019-12-22 07:38:00
334,HTA02 ,830E-1AC,A30391,2016-04-05 10:30:00
335,HTA03 ,830E-1AC,A30392,2019-01-27 12:00:00
336,HT149 Cardinal River ,830E-1AC,A40851,2020-02-15 11:11:00
337,HT150 Cardinal River ,830E-1AC,A40869,2019-10-13 11:58:00
338,HT151 Cardinal River ,830E-1AC,A40880,2020-01-19 06:06:00
339,212 ,830E-1AC,A40882,2020-02-03 02:38:00
340,213 ,830E-1AC,A40883,2020-02-09 01:31:00
341,211 ,830E-1AC,A40889,2019-10-27 05:32:00
342,HT216 (LCO) ,830E-1AC,A40890,2019-09-19 06:06:00
343,214 ,830E-1AC,A40893,2020-02-10 11:22:00
344,HT217 (LCO) ,830E-1AC,A40900,2020-01-27 07:36:00
345,HTA22 ,830E-1AC,A40928,2020-02-16 12:00:00
346,HTA23 ,830E-1AC,A40929,2020-02-16 12:00:00
347,TC-801 ,830E-1AC,A40957,2020-02-16 08:41:00
348,TC-802 ,830E-1AC,A40958,2020-02-16 03:15:00
349,TC-803 ,830E-1AC,A40959,2020-02-12 03:14:00
350,TC-804 ,830E-1AC,A40960,2020-02-16 06:08:00
351,201 ,830E-1AC,A40962,2020-02-16 01:57:00
352,202 ,830E-1AC,A40963,2020-02-16 04:43:00
353,203 ,830E-1AC,A40964,2020-02-16 06:43:00
354,204 ,830E-1AC,A40965,2020-02-15 01:47:00
355,205 ,830E-1AC,A40967,2020-02-16 12:01:00
356,206 ,830E-1AC,A40969,2020-02-16 04:45:00
357,207 ,830E-1AC,A40970,2020-02-13 03:48:00
358,TC-805 ,830E-1AC,A40983,2020-01-26 02:29:00
359,TC-806 ,830E-1AC,A40984,2020-02-14 10:22:00
360,DZ262 Greenhills ,D475A-5E0,30410,2020-02-16 06:10:00
361,4402 ,D475A-5E0,30417,2017-08-24 08:53:00
362,DZ220 Greenhills ,D475A-5E0,30418,2019-07-09 11:19:00
363,DZ221 Greenhills ,D475A-5E0,30419,2019-08-27 03:50:00
364,DZ222 Greenhills ,D475A-5E0,30421,2020-01-08 01:33:00
365,DZ268 Greenhills ,D475A-5E0,30422,2019-05-02 09:21:00
366,DZ223 Greenhills ,D475A-5E0,30446,2019-11-09 10:28:00
367,DZ224 Greenhills ,D475A-5E0,30448,2020-02-11 06:54:00
368,DZ225 Greenhills ,D475A-5E0,30449,2020-02-15 02:31:00
369,DZ226 Greenhills ,D475A-5E0,30453,2020-02-16 04:08:00
370,HA452 ,HD1500-7,A30007,2010-02-28 08:49:00
371,HA453 ,HD1500-7,A30008,2018-07-28 04:02:00
372,HA460 ,HD1500-7,A30009,2008-11-08 07:58:00
373,HA455 ,HD1500-7,A30010,2008-04-24 09:06:00
374,HA456 ,HD1500-7,A30011,2010-07-06 04:12:00
375,0660 ,HD1500-7,A30012,2019-07-22 11:53:00
376,HA457 ,HD1500-7,A30013,2010-04-09 04:02:00
377,HA461 ,HD1500-7,A30018,2011-08-16 12:00:00
378,HA264 ,HD1500-7,A30019,2010-10-28 10:18:00
379,HA266 ,HD1500-7,A30024,2020-02-08 11:00:00
380,HA267 ,HD1500-7,A30025,2011-02-09 12:00:00
381, ,HD1500-7,A30026,2019-06-28 10:27:00
382,HA268 ,HD1500-7,A30027,2020-02-07 07:25:00
383,HA267 ,HD1500-7,A30028,2010-02-18 05:15:00
384,HA459 ,HD1500-7,A30029,2010-02-03 07:54:00
385, ,HD1500-7,A30033,2019-07-01 09:41:00
386,HT203 ,HD1500-7,A30050,2014-05-22 03:56:00
387,HT204 ,HD1500-7,A30051,2012-07-30 06:58:00
388,TR005 CM ,HD1500-7,A30075,2018-02-07 11:55:00
389,661 ,HD1500-7,A40126,2020-02-04 12:07:00
390,662 ,HD1500-7,A40127,2018-03-16 12:00:00
391,663 ,HD1500-7,A40128,2020-02-09 02:59:00
392,664 ,HD1500-7,A40129,2020-02-14 01:22:00
393,665 ,HD1500-7,A40130,2019-10-28 01:48:00
394,667 ,HD1500-7,A40131,2020-02-16 03:47:00
395,ED 36 ,HD465-7E0,10764,2020-02-14 11:08:00
396,04471 ,HD465-7E0,10890,2014-09-13 01:19:00
397,04469 ,HD465-7E0,10908,2014-10-05 02:26:00
398,04470 ,HD465-7E0,10939,2019-10-16 05:14:00
399,420 ,HD605-7E0,11012,2020-02-16 10:46:00
400,Unit 329 ,HD605-7E0,11017,2019-12-27 03:42:00
401,421 ,HD605-7E0,11037,2020-02-10 10:06:00
402,422 ,HD605-7E0,11040,2020-02-05 01:26:00
403, ,HD605-7E0,11071,2020-02-10 08:30:00
404, ,HD605-7E0,11072,2019-03-14 09:10:00
405,Unit 330 ,HD605-7E0,11073,2020-01-22 04:13:00
406, ,HD605-7E0,11138,2016-10-25 07:45:00
407, ,HD605-7E0,11156,2019-01-01 09:55:00
408, ,HD605-7E0,11172,2019-01-16 02:42:00
409, ,HD605-7E0,11185,2014-10-08 08:43:00
410,04475 ,HD605-7E0,10624,2019-11-12 10:08:00
411,04476 ,HD605-7E0,10628,2016-06-24 01:36:00
412,419 ,HD605-7E0,10630,2020-02-16 12:00:00
413,417 ,HD605-7E0,10649,2020-02-16 03:58:00
414,418 ,HD605-7E0,10651,2017-09-11 08:05:00
415, ,HD605-8,30116,2019-07-14 09:56:00
416, ,HD605-8,30368,2020-01-30 09:51:00
417, ,HD605-8,30396,2020-02-16 12:00:00
418, ,HD605-8,30419,2020-02-16 03:02:00
419,232 ,HD785-7,31740,2020-02-16 12:00:00
420,233 ,HD785-7,31743,2018-06-20 07:32:00
421, ,HD785-7,31744,2020-02-16 02:53:00
422,01-6788 ,HD785-7,31746,2018-12-22 06:45:00
423,234 ,HD785-7,31748,2020-02-16 06:31:00
424,235 ,HD785-7,31750,2020-02-16 03:57:00
425,TDR792 ,HD785-7,7014,2020-02-16 01:23:00
426,TDR793 ,HD785-7,7015,2016-01-27 10:29:00
427,TDR794 ,HD785-7,7042,2020-02-16 06:57:00
428,T13 ,HD785-7,9170,2020-01-31 04:14:00
429,TC-701 ,HD785-7,9412,2018-08-16 06:34:00
430,TDR789 ,HD785-7,30714,2019-11-30 10:28:00
431,TDR790 ,HD785-7,30715,2020-01-25 04:29:00
432,T16 ,HD785-7,30747,2020-02-14 01:45:00
433,T17 ,HD785-7,30749,2020-02-14 12:21:00
434,TDR791 ,HD785-7,30751,2019-12-01 07:14:00
435,RT01 ,HD785-7,30955,2020-02-16 05:51:00
436,RT02 ,HD785-7,30956,2020-02-07 04:33:00
437,T18 ,HD785-7,30978,2020-02-14 12:00:00
438,231 ,HD785-7,31124,2020-02-16 12:00:00
439, ,HD785-7,31134,2020-02-16 12:06:00
440, ,HD785-7,31138,2020-02-16 02:24:00
441,Unit 1239 ,HD785-7,A10078,2013-07-02 12:44:00
442,Unit 1238 ,HD785-7,A10082,2020-02-09 11:45:00
443,5-66 ,PC1250-7,20127,2009-01-16 11:01:00
444, ,PC1250-7,20370,2019-08-10 05:30:00
445,5-86 ,PC1250-7,20407,2015-10-02 11:57:00
446,5-88 ,PC1250-8,30055,2016-12-12 01:10:00
447, ,PC1250-8,30310,2020-02-10 05:53:00
448,UNIT # 10 - 62 ,PC1250-8,30334,2020-02-03 03:07:00
449,TV-004 ,PC1250-8,30339,2018-02-16 08:02:00
450,EX03 ,PC1250LC-11,50012,2020-02-16 09:19:00
451,194 ,PC1250LC-7,20267,2019-11-25 10:02:00
452,EX015 ,PC1250LC-7,20277,2020-01-30 10:39:00
453,5-83 ,PC1250LC-8,30124,2020-01-16 10:06:00
454, ,PC1250LC-8,30129,2019-11-07 12:06:00
455,EX0703 ,PC1250LC-8,30130,2020-02-14 11:51:00
456, ,PC1250LC-8,30141,2017-06-28 01:20:00
457,5-104 ,PC1250LC-8,30145,2018-06-29 04:04:00
458,EX005 Fording River ,PC1250LC-8,30175,2017-04-10 02:16:00
459,Unit 1173 ,PC1250LC-8,30178,2020-02-15 03:16:00
460,Unit 1184 ,PC1250LC-8,30202,2020-02-16 05:24:00
461,EX0701 ,PC1250LC-8,30204,2020-02-03 01:39:00
462,EXC066 ,PC1250LC-8,30205,2020-02-15 04:35:00
463,67166 ,PC1250LC-8,30209,2020-02-14 02:59:00
464,Unit 1241 ,PC1250LC-8,30232,2020-01-12 03:16:00
465,EX017 ,PC1250LC-8,30237,2019-05-09 09:21:00
466,149155 ,PC1250LC-8,30241,2019-10-24 11:00:00
467,E289 ,PC1250LC-8,30249,2020-02-10 04:24:00
468,Unit 1259 ,PC1250LC-8,30253,2019-02-21 08:16:00
469, ,PC1250LC-8,30263,2020-02-16 10:55:00
470, ,PC1250LC-8,30270,2020-02-15 09:48:00
471, ,PC1250LC-8,30277,2020-02-15 10:31:00
472,122871 ,PC1250LC-8,30284,2019-07-31 10:55:00
473, ,PC1250LC-8,30299,2020-01-05 08:22:00
474,E292 ,PC1250LC-8,30307,2020-02-16 05:34:00
475, ,PC1250LC-8,30322,2020-02-04 02:58:00
476,ex-134 ,PC1250LC-8,30010,2016-03-01 07:48:00
477,152 ,PC1250LC-8,30074,2019-11-26 03:31:00
478,151 ,PC1250LC-8,30078,2008-08-05 09:20:00
479,198 ,PC1250LC-8,30082,2019-11-02 02:40:00
480,EXD2566 ,PC1800-6,10011,2009-09-14 10:33:00
481,Unit 810 ,PC1800-6,11043,2014-10-11 10:35:00
482,EX163 ,PC1800-6,11054,2014-02-28 07:39:00
483,EX156 ,PC1800-6,11063,2008-04-09 04:27:00
484,20-018 ,PC1800-6,11081,2017-07-06 12:56:00
485,1105 ,PC2000-11,30010,2020-02-14 03:53:00
486,EX262 ,PC2000-8,20002,2020-02-15 12:11:00
487,EXC07 ,PC2000-8,20003,2016-09-12 12:31:00
488,67106 ,PC2000-8,20023,2020-02-11 06:46:00
489,EX263 ,PC2000-8,20038,2019-03-12 06:32:00
490,67113 ,PC2000-8,20065,2019-07-03 01:21:00
491,EX261 ,PC2000-8,20120,2011-09-25 06:30:00
492,88119 ,PC2000-8,20187,2019-07-09 02:25:00
493, ,PC2000-8,20231,2020-02-15 06:07:00
494, ,PC2000-8,20246,2020-02-16 09:14:00
495,5510 ,PC2000-8,20257,2020-01-29 09:39:00
496, ,PC2000-8,20320,2020-02-15 01:11:00
497,5-108 ,PC2000-8,20332,2020-02-06 03:39:00
498,EX026 Cardinal River ,PC2000-8,20426,2020-02-16 02:56:00
499,1603 ,PC2000-8,20451,2020-02-14 11:06:00
500,1604 ,PC2000-8,20469,2018-06-17 12:32:00
501,153166 ,PC2000-8,20486,2018-10-17 02:11:00
502,TV-003 ,PC2000-8,20547,2020-02-12 11:26:00
503, ,PC2000-8,20554,2020-02-15 04:36:00
504,EX01 ,PC2000-8,20556,2020-02-15 04:44:00
505,EX02 ,PC2000-8,20593,2020-02-15 02:48:00
506,SH588 ,PC4000-11,08261,2020-02-15 05:16:00
507,SHA04 ,PC4000-6,08173,2016-02-11 12:17:00
508,1005 ,PC5500-6,15061,2020-02-14 12:08:00
509,SH09 ,PC5500-6,15066,2019-04-24 10:53:00
510,1007 ,PC5500-6,15080,2019-08-18 05:21:00
511,EX229 ,PC5500-6,15103,2019-11-26 12:05:00
512,SH804 ,PC5500-6,15104,2020-01-16 07:41:00
513,SH904 ,PC5500-6,15110,2020-02-15 12:14:00
514,SH-001 ,PC5500-6,15146,2020-02-16 04:47:00
515,601 ,PC5500-6,15148,2020-02-16 08:13:00
516,602 ,PC5500-6,15149,2020-02-16 05:25:00
517,SH-002 ,PC5500-6,15154,2020-01-21 05:26:00
518,SH01 ,PC5500-6,15161,2020-02-15 05:09:00
519,SH-003 ,PC5500-6,15165,2020-02-09 02:59:00
520,SH02 ,PC5500-6,15166,2020-02-15 11:19:00
521,EX239 ,PC7000-6,35001,2020-02-16 02:49:00
522, ,PC8000-11,12117,2020-02-16 10:34:00
523,S8006 ,PC8000-11,12118,2020-02-08 11:52:00
524,7151 ,PC8000-6,12082,2020-02-12 07:23:00
525,7152 ,PC8000-6,12106,2020-02-16 09:35:00
526,603 ,PC8000-6,12109,2020-02-16 12:06:00
527,7153 ,PC8000-6,12110,2020-02-02 06:54:00
528,7154 ,PC8000-6,12111,2020-02-16 01:26:00
529,1009 ,PC8000-6,12113,2020-02-15 01:33:00
530,7155 ,PC8000-6,12114,2020-02-15 02:14:00
531,LDA01 ,WA1200-3,50097,2018-02-08 04:59:00
532,LDR306 ,WA1200-3,50098,2020-02-16 07:16:00
533,1109 ,WA1200-3,50099,2020-01-18 04:50:00
534,LDR403 Coal Mtn ,WA1200-3,50101,2018-09-03 03:45:00
535,LDR417 ,WA1200-6,60007,2020-02-13 10:41:00
536,LO-001 ,WA1200-6,60045,2019-03-31 11:59:00
537,502 ,WA1200-6,60047,2019-09-24 08:32:00
538,4147 ,WA1200-6,60051,2020-02-15 10:53:00
539,WL01 ,WA1200-6,60064,2020-02-15 11:32:00
540,Unit # 002-315 ,WA600-6,60037,2018-07-13 01:15:00
541,10-60 ,WA600-6,60056,2017-01-10 10:12:00
542,2207415 ,WA600-6,60072,2017-11-22 11:38:00
543,356 ,WA600-6,60107,2019-08-30 12:56:00
544, ,WA600-6,60192,2020-02-15 11:53:00
545,1102 ,WA600-6,60196,2013-07-20 08:30:00
546, ,WA600-6,60198,2018-06-03 11:39:00
547,1103 ,WA600-6,60200,2011-07-18 01:12:00
548, ,WA600-6,60205,2019-07-26 08:30:00
549,RL0134 ,WA600-6,60218,2019-08-08 04:00:00
550, ,WA600-6,60240,2019-09-03 01:03:00
551,EMC-508 ,WA600-6,60252,2020-02-13 04:44:00
552, ,WA600-6,61084,2015-04-02 03:31:00
553,LO-011 ,WA600-6,61087,2018-08-16 06:57:00
554,LAD09 ,WA600-6,61088,2019-03-01 08:07:00
555,WA600-3 ,WA600-6,61089,2013-12-21 08:08:00
556, ,WA600-6,61098,2020-01-21 04:36:00
557, ,WA600-6,61105,2020-01-19 10:58:00
558, ,WA600-6,61106,2020-02-05 10:52:00
559,WA600-4 ,WA600-6,61198,2017-03-02 02:06:00
560,3350 ,WA600-6,61201,2020-02-05 03:56:00
561,3351 ,WA600-6,61202,2019-12-15 11:27:00
562,WA600-5 ,WA600-6,61211,2016-04-05 10:10:00
563,WA600-6 ,WA600-6,61226,2015-07-29 11:07:00
564,WA600-7 ,WA600-6,61228,2019-11-26 05:22:00
565, ,WA600-6,61230,2019-12-19 08:56:00
566,WA600-9 ,WA600-6,61246,2019-12-07 01:32:00
567,WA600-8 ,WA600-6,61259,2019-11-16 08:11:00
568,806 ,WA600-6,61261,2020-02-13 03:09:00
569,WA600-14 ,WA600-6,61269,2019-11-10 08:16:00
570, ,WA600-6,61272,2020-02-05 09:40:00
571, ,WA600-6,61273,2016-05-25 12:34:00
572, ,WA600-6,61332,2020-02-15 01:12:00
573,WA600-12 ,WA600-6,61333,2016-10-05 10:44:00
574,WA600-13 ,WA600-6,61334,2020-02-16 12:21:00
575,WA600-16 ,WA600-6,61335,2019-11-28 11:54:00
576,WA600-15 ,WA600-6,61336,2017-07-14 07:02:00
577, ,WA600-6,61374,2018-12-30 01:41:00
578, ,WA600-6,61375,2019-11-01 12:24:00
579, ,WA600-6,61425,2019-10-27 02:23:00
580, ,WA600-6,60869,2019-12-09 01:07:00
581,E356 ,WA600-6,60873,2019-12-31 11:14:00
582,EMC-515 ,WA600-6,60886,2020-02-13 07:24:00
583, ,WA600-6,60887,2020-01-22 01:04:00
584, ,WA600-6,60892,2020-02-13 11:08:00
585,Unit # 002-319 ,WA600-6,60904,2012-12-25 03:38:00
586,916 ,WA600-6,60906,2019-12-21 11:15:00
587,362 ,WA600-6,60908,2020-01-24 07:53:00
588, ,WA600-6,60924,2019-10-21 01:06:00
589, ,WA600-6,60979,2020-02-13 08:14:00
590,FMC811 ,WA600-6,60998,2020-02-14 01:33:00
591,349 ,WA600-6,61003,2019-10-28 11:21:00
592, ,WA600-6,61073,2020-02-05 11:29:00
593, ,WA600-6,61077,2020-02-15 06:23:00
594,YLD-04 ,WA600-6,60273,2007-04-10 04:05:00
595,Unit # 224-401 ,WA600-6,60277,2019-11-04 09:49:00
596,MLDR-04 ,WA600-6,60326,2019-12-25 06:30:00
597, ,WA600-6,60331,2013-02-20 03:26:00
598,WL-8 ,WA600-6,60363,2020-01-31 06:05:00
599,6523 ,WA600-6,60413,2020-02-13 08:44:00
600,03126 ,WA600-6,60418,2020-01-27 12:28:00
601,6522 ,WA600-6,60437,2020-02-13 07:01:00
602,TD47 ,WA600-6,60440,2019-10-22 03:02:00
603, ,WA600-6,60441,2020-02-12 09:14:00
604, ,WA600-6,60446,2020-02-10 02:57:00
605, ,WA600-6,60468,2017-09-04 08:51:00
606,6524 ,WA600-6,60471,2020-02-15 06:30:00
607,360 ,WA600-6,60480,2010-08-09 01:46:00
608,2318 ,WA600-6,60494,2018-11-20 12:59:00
609,2207305 ,WA600-6,60512,2014-08-20 08:25:00
610, ,WA600-6,60519,2009-03-25 08:25:00
611, ,WA600-6,60543,2019-11-29 01:27:00
612, ,WA600-6,60551,2019-11-26 11:39:00
613,Unit 1045 ,WA600-6,60599,2020-02-15 11:35:00
614, ,WA600-6,60600,2019-11-06 09:08:00
615, ,WA600-6,60645,2020-02-11 11:41:00
616,WA600-1 ,WA600-6,60646,2020-02-12 04:43:00
617,2829883 ,WA600-6,60658,2019-11-26 11:45:00
618, ,WA600-6,60659,2018-09-25 02:12:00
619, ,WA600-6,60661,2020-02-15 10:57:00
620, ,WA600-6,60675,2020-02-15 02:03:00
621, ,WA600-6,60677,2020-02-15 08:17:00
622, ,WA600-6,60679,2020-02-15 06:11:00
623, ,WA600-6,60697,2019-12-09 03:20:00
624, ,WA600-6,60719,2018-01-02 12:01:00
625, ,WA600-6,60722,2019-10-07 10:45:00
626,6525 ,WA600-6,60777,2019-12-09 06:54:00
627,6526 ,WA600-6,60779,2017-08-08 12:28:00
628, ,WA600-8,80133,2020-02-11 07:58:00
629, ,WA600-8,80152,2020-02-12 12:54:00
630, ,WA600-8,80153,2019-12-09 10:09:00
631, ,WA600-8,80154,2020-02-13 08:03:00
632, ,WA600-8,80189,2019-11-30 12:29:00
633,Unit # 007-507 ,WA600-8,80191,2019-11-08 09:47:00
634,LAD12 ,WA600-8,80196,2020-02-15 11:20:00
635, ,WA600-8,80202,2019-11-22 05:24:00
636, ,WA600-8,80218,2020-02-14 01:22:00
637, ,WA600-8,80227,2020-02-14 02:07:00
638, ,WA600-8,80234,2020-02-12 05:13:00
639,UNIT L54 ,WA600-8,80047,2020-02-13 05:08:00
640, ,WA600-8,80064,2020-02-13 12:08:00
641,RT214 ,WA800-3E0,70026,2020-01-16 07:28:00
642,LDR524 ,WA800-3E0,70027,2020-02-15 03:15:00
643,4141 ,WA800-3E0,70063,2020-02-12 05:54:00
644,LFP904 ,WA900-3E0,60213,2019-12-23 10:04:00
645,LFP903 ,WA900-3E0,60232,2020-02-16 05:46:00
646,LO-003 ,WA900-3E0,60250,2020-02-16 12:58:00
647,LO-004 ,WA900-3E0,60254,2019-04-25 06:20:00
648,L15 ,WA900-3E0,60255,2020-02-14 03:23:00
649,LFP905 ,WA900-3E0,60266,2020-02-12 07:02:00
650,503 ,WA900-3E0,60308,2020-02-16 01:31:00
651,LR304 ,WA900-3E0,60032,2020-02-11 05:48:00
652,LDR610 Elkview ,WA900-3E0,60091,2020-02-11 11:14:00
653,LDR106  CM ,WA900-3E0,60098,2020-02-15 09:12:00
654,LFP902 ,WA900-3E0,60104,2020-02-16 04:59:00
655,501 ,WA900-3E0,60115,2020-02-16 05:48:00
656,LDR407 LC ,WA900-3E0,60134,2019-08-03 02:36:00
657, ,WA900-3E0,60166,2020-02-14 02:35:00
658,351 ,WA900-3E0,60179,2020-02-14 01:27:00
659,LO-002 ,WA900-3E0,60207,2020-02-05 12:16:00
660,TC-807 ,830E-1AC,A40985,2020-02-08 11:46:00
661,TC-808 ,830E-1AC,A40986,2020-02-16 12:00:00
662,208 ,830E-1AC,A40993,2019-10-31 04:13:00
663,209 ,830E-1AC,A40994,2020-02-14 06:05:00
664,210 ,830E-1AC,A40996,2020-02-06 06:50:00
665,TC-809 ,830E-1AC,A40997,2020-02-15 06:53:00
666,TC-810 ,830E-1AC,A40998,2020-01-27 11:17:00
667,TC-811 ,830E-1AC,A41002,2020-01-08 02:17:00
668,TC-812 ,830E-1AC,A41003,2020-01-31 03:19:00
669,HT1291 ,830E-1AC,A41029,2020-02-12 03:42:00
670,HT1292 ,830E-1AC,A41030,2020-02-16 12:00:00
671,TC-813 ,830E-1AC,A41031,2020-02-04 12:12:00
672,TC-814 ,830E-1AC,A41032,2020-02-02 02:01:00
673,TC-815 ,830E-1AC,A41033,2020-02-08 05:03:00
674,ET801 ,830E-1AC,A41034,2020-02-16 05:08:00
675,ET802 ,830E-1AC,A41036,2020-02-15 06:23:00
676,ET803 ,830E-1AC,A41037,2020-02-16 07:56:00
677,ET804 ,830E-1AC,A41038,2020-02-16 06:17:00
678,ET805 ,830E-1AC,A41039,2020-02-12 05:19:00
679,ET806 ,830E-1AC,A41040,2020-02-16 11:45:00
680,1358 ,830E-1AC,A30522,2014-11-25 12:00:00
681,216 ,830E-1AC,A30534,2020-01-20 02:25:00
682,HT213 (LCO) ,830E-1AC,A30540,2017-09-13 10:08:00
683,HT214 (LCO) ,830E-1AC,A30541,2017-07-18 11:15:00
684,HTA08 ,830E-1AC,A30542,2020-02-16 01:33:00
685,HTA10 ,830E-1AC,A30543,2019-03-22 03:13:00
686,HTA09 ,830E-1AC,A30552,2018-04-03 02:00:00
687,HTA11 ,830E-1AC,A30558,2020-02-16 02:00:00
688,HTA14 ,830E-1AC,A30559,2020-02-16 02:48:00
689,HTA12 ,830E-1AC,A30560,2020-02-15 01:46:00
690,1349 ,830E-1AC,A30418,2014-10-21 03:46:00
691,1350 ,830E-1AC,A30419,2020-02-16 12:00:00
692,HT144 Cardinal River ,830E-1AC,A30420,2020-01-09 09:00:00
693,HTA04 ,830E-1AC,A30439,2020-02-16 12:00:00
694,HTA05 ,830E-1AC,A30440,2020-02-16 01:00:00
695,HTA06 ,830E-1AC,A30441,2019-06-14 01:00:00
696,HT145 Cardinal River ,830E-1AC,A30443,2018-03-22 05:08:00
697,HTA07 ,830E-1AC,A30451,2020-02-16 01:00:00
698,1353 ,830E-1AC,A30459,2019-11-09 10:14:00
699,1354 ,830E-1AC,A30460,2020-02-16 12:00:00
700,HT146 Cardinal River ,830E-1AC,A30496,2020-02-16 12:00:00
701,HT147 Cardinal River ,830E-1AC,A30497,2020-01-17 04:27:00
702,1355 ,830E-1AC,A30503,2014-10-21 09:31:00
703,1356 ,830E-1AC,A30504,2019-11-08 12:30:00
704,215 ,830E-1AC,A30761,2020-02-14 07:19:00
705,HT215 (LCO) ,830E-1AC,A30780,2018-12-19 04:40:00
706,HTA26 ,830E-1AC,A30791,2020-02-11 12:43:00
707,HTA27 ,830E-1AC,A30792,2020-02-16 02:00:00
708,HTA28 ,830E-1AC,A30793,2019-05-10 04:55:00
709,HT148 Cardinal River ,830E-1AC,A30795,2020-02-12 06:23:00
710,217 ,830E-5,A50005,2020-02-16 12:08:00
711,218 ,830E-5,A50009,2020-02-16 10:32:00
712,219 ,830E-5,A50010,2020-01-20 05:56:00
713,220 ,830E-5,A50011,2019-11-10 11:05:00
714,221 ,830E-5,A50012,2019-12-26 05:55:00
715,HT1341 ,830E-5,A50013,2020-02-16 10:32:00
716,HT1342 ,830E-5,A50014,2020-02-16 11:50:00
717,HT1343 ,830E-5,A50015,2020-02-16 10:03:00
718,ET807 ,830E-5,A50016,2020-02-16 05:32:00
719,HT1344 ,830E-5,A50019,2019-06-12 10:45:00
720,ET808 ,830E-5,A50022,2020-02-13 12:00:00
721,ET809 ,830E-5,A50024,2020-02-16 05:13:00
722,222 ,830E-5,A50030,2019-09-30 04:49:00
723,223 ,830E-5,A50031,2020-02-09 07:17:00
724,224 ,830E-5,A50032,2020-02-15 09:26:00
725,225 ,830E-5,A50043,2020-01-26 09:41:00
726, ,830E-5,A50057,2019-09-05 11:01:00
727,HA566 ,830E-5,A50058,2020-02-16 07:27:00
728,HA567 ,830E-5,A50062,2020-02-16 09:24:00
729,HA563 ,830E-5,A50063,2020-02-16 11:25:00
730,HA564 ,830E-5,A50064,2020-02-16 09:53:00
731,HA565 ,830E-5,A50065,2020-02-16 11:06:00
732,HTA29 ,830E-5,A50066,2020-02-16 08:52:00
733,HTA30 ,830E-5,A50067,2020-02-11 06:29:00
734,HTA31 ,830E-5,A50068,2020-02-16 06:36:00
735,0231 ,930E-3,A30404,2019-08-06 09:27:00
736,HV - 5483 ,930E-3,A30406,2019-11-01 11:11:00
737,MT532 ,930E-3,A30409,2020-02-02 10:34:00
738,MT533 ,930E-3,A30411,2018-04-05 02:33:00
739,MT534 ,930E-3,A30412,2020-02-13 12:29:00
740,MT535 ,930E-4,A30488,2016-12-09 01:11:00
741,0236 ,930E-4,A30489,2016-12-05 12:24:00
742,HT545 Fording River ,930E-4,A30508,2020-02-14 12:21:00
743,MT537 ,930E-4,A30509,2016-06-22 12:00:00
744,HT546 Fording River ,930E-4,A30513,2019-03-21 02:51:00
745,4-101 ,930E-4,A30514,2019-04-12 02:21:00
746,HT547 Fording River ,930E-4,A30541,2019-08-28 02:20:00
747,HT548 Fording River ,930E-4,A30542,2019-10-19 08:59:00
748,MT538 ,930E-4,A30564,2020-02-16 04:55:00
749,4-107 ,930E-4,A30565,2019-01-23 12:14:00
750,HT549 Fording River ,930E-4,A30567,2020-02-16 09:25:00
751,MT539 ,930E-4,A30574,2020-02-16 01:54:00
752,MT540 ,930E-4,A30575,2020-02-16 03:04:00
753,4-108 ,930E-4,A30583,2020-02-16 06:03:00
754,4-109 ,930E-4,A30584,2018-07-11 07:27:00
755,MT541 ,930E-4,A30585,2017-09-27 12:01:00
756,MT542 ,930E-4,A30586,2020-02-16 02:54:00
757,MT543 ,930E-4,A30591,2020-02-16 12:00:00
758,MT544 ,930E-4,A30601,2020-02-16 05:16:00
759,MT545 ,930E-4,A30602,2020-02-16 02:19:00
760,4-110 ,930E-4,A30605,2020-02-16 07:21:00
761,MT546 ,930E-4,A30606,2020-01-25 01:11:00
762,MT547 ,930E-4,A30607,2020-02-15 06:49:00
763,0248 ,930E-4,A30614,2020-02-16 02:00:00
764,0249 ,930E-4,A30615,2020-02-16 05:04:00
765,4-111 ,930E-4,A30629,2020-02-16 12:00:00
766,4-112 ,930E-4,A30631,2018-10-09 12:00:00
767,4-115 ,930E-4,A30634,2020-02-16 09:16:00
768,4-113 ,930E-4,A30635,2017-06-06 12:24:00
769,4-114 ,930E-4,A30636,2018-11-27 03:10:00
770,TKD 2414 ,930E-4,A30652,2017-03-29 12:07:00
771,HT529 Fording River ,930E-4,A30657,2019-09-11 11:38:00
772,HT528 Fording River ,930E-4,A30659,2012-01-05 02:05:00
773,HT527 Fording River ,930E-4,A30684,2020-02-16 12:00:00
774,HT526 Fording River ,930E-4,A30685,2020-02-16 07:07:00
775,HT801 Elkview ,930E-4,A30696,2019-07-04 09:46:00
776,0250 ,930E-4,A30704,2020-02-12 11:15:00
777,0251 ,930E-4,A30705,2020-02-16 08:21:00
778,0252 ,930E-4,A30710,2020-02-16 06:42:00
779,0253 ,930E-4,A30711,2020-02-15 10:58:00
780,HT802 Elkview ,930E-4,A30717,2016-12-12 12:00:00
781,HT803 Elkview ,930E-4,A30718,2020-02-16 01:52:00
782,HT804 Elkview ,930E-4,A30719,2020-02-16 03:44:00
783,0254 ,930E-4,A30736,2019-03-04 12:23:00
784,HT805 Elkview ,930E-4,A30737,2020-02-16 09:22:00
785,HT806 Elkview ,930E-4,A30738,2019-05-14 06:38:00
786,HT525 Fording River ,930E-4,A30742,2018-09-14 08:02:00
787,HT807 Elkview ,930E-4,A30743,2018-08-14 03:36:00
788,HT808 Elkview ,930E-4,A30744,2020-02-14 09:15:00
789,0255 ,930E-4,A30746,2020-02-15 05:34:00
790,0256 ,930E-4,A30747,2016-11-06 01:10:00
791,0257 ,930E-4,A30748,2019-06-06 01:04:00
792,HT524 Fording River ,930E-4,A30750,2020-02-16 12:00:00
793,TKD 2415 ,930E-4,A30757,2020-01-02 05:38:00
794,TKD 2416 ,930E-4,A30758,2018-03-12 02:11:00
795,4-133 ,930E-4,A30762,2019-02-15 12:13:00
796,4-134 ,930E-4,A30763,2019-07-29 03:14:00
797,HT809 Elkview ,930E-4,A30764,2020-02-16 12:00:00
798,MT916 ,930E-4,A30774,2020-02-04 05:00:00
799,HT810 Elkview ,930E-4,A30775,2020-02-16 12:25:00
800,TKD 2417 ,930E-4,A30776,2020-02-16 12:00:00
801,TKD 2418 ,930E-4,A30777,2020-02-15 03:23:00
802,0258 ,930E-4,A30785,2020-02-06 02:11:00
803,0259 ,930E-4,A30787,2020-02-14 04:37:00
804,TKD 2419 ,930E-4,A30788,2020-02-16 03:26:00
805,TKD 2420 ,930E-4,A30790,2020-02-16 01:34:00
806,TKD 2421 ,930E-4,A30792,2020-02-16 10:46:00
807,HT523 Fording river ,930E-4,A30793,2020-02-12 07:14:00
808,HT811 Elkview ,930E-4,A30794,2020-02-16 06:17:00
809,HT812 Elkview ,930E-4,A30795,2020-02-16 12:00:00
810,0260 ,930E-4,A30802,2020-02-15 05:46:00
811,0261 ,930E-4,A30803,2019-09-03 12:00:00
812,TKD 2422 ,930E-4,A30805,2017-01-01 04:17:00
813,TKD 2423 ,930E-4,A30806,2017-04-08 10:51:00
814,HT522 Fording River ,930E-4,A30808,2020-02-16 12:00:00
815,TKD 2424 ,930E-4,A30813,2018-06-24 06:52:00
816,0262 ,930E-4,A30815,2020-02-15 11:45:00
817,0263 ,930E-4,A30816,2020-02-16 08:52:00
818,0264 ,930E-4,A30817,2020-02-16 08:55:00
819,HT572 Fording River ,930E-4,A30818,2019-06-28 12:00:00
820,HT521 Fording River ,930E-4,A30819,2020-02-16 12:00:00
821,HT570 Fording River ,930E-4,A30820,2020-02-14 10:11:00
822,HT571 Fording River ,930E-4,A30822,2020-02-16 04:58:00
823,0265 ,930E-4,A30824,2016-05-01 03:16:00
824,0266 ,930E-4,A30842,2020-02-15 04:08:00
825,0267 ,930E-4,A30847,2020-02-15 06:55:00
826,0268 ,930E-4,A30854,2020-02-08 02:12:00
827,0269 ,930E-4,A30860,2020-01-24 11:03:00
828,0270 ,930E-4,A30863,2020-01-07 09:53:00
829,0271 ,930E-4,A30866,2020-02-16 12:56:00
830,TKD 2425 ,930E-4,A30867,2020-02-16 08:33:00
831,TKD 2426 ,930E-4,A30868,2020-02-16 05:18:00
832,MT914 ,930E-4,A30872,2020-02-16 05:14:00
833,MT915 ,930E-4,A30881,2020-02-16 03:42:00
834,0272 ,930E-4,A30882,2020-01-21 11:02:00
835,0273 ,930E-4,A30883,2020-02-16 01:28:00
836,4-135 ,930E-4,A30884,2020-02-16 05:29:00
837,MT917 ,930E-4,A30886,2020-02-16 09:12:00
838,HT771 Greenhills.. ,930E-4,A30897,2020-02-16 12:12:00
839,HT772 Greenhills ,930E-4,A30898,2020-02-16 12:00:00
840,HT770 Greenhills ,930E-4,A30965,2018-04-21 06:17:00
841,HT573 Fording River ,930E-4,A30966,2020-02-15 10:31:00
842,HT574 Fording River ,930E-4,A30974,2013-12-16 01:26:00
843,HT575 Fording River ,930E-4,A30975,2020-01-08 10:25:00
844,2641 ,930E-4,A30980,2017-11-12 04:15:00
845,HT576 Fording River ,930E-4,A30981,2020-02-16 07:16:00
846,2642 ,930E-4,A30989,2015-08-12 09:53:00
847,HT577 Fording River ,930E-4,A30992,2019-08-11 08:18:00
848,2643 ,930E-4,A30993,2017-10-15 12:00:00
849,2644 ,930E-4,A30994,2017-06-17 06:57:00
850,HT774 Greenhills ,930E-4,A31049,2015-05-23 02:18:00
851,HT776 Greenhills ,930E-4,A31052,2019-02-26 12:57:00
852,HT782 Greenhills ,930E-4,A31061,2020-01-30 11:30:00
853,HT775 Greenhills ,930E-4,A31079,2018-11-02 09:38:00
854,HT773 Greenhills ,930E-4,A31080,2020-02-02 07:54:00
855,HT579 Fording River ,930E-4,A31081,2019-08-09 02:40:00
856,HT783 Greenhills ,930E-4,A31102,2015-09-13 10:26:00
857,HT784 Greenhills ,930E-4,A31103,2017-06-26 12:00:00
858,HT813 Elkview ,930E-4,A31114,2020-02-16 04:25:00
859,HT814 Elkview ,930E-4,A31115,2014-09-28 11:44:00
860,HT816 Elkview ,930E-4,A31118,2014-10-06 08:36:00
861,HT817 Elkview ,930E-4,A31137,2019-01-27 08:13:00
862,HT818 Elkview ,930E-4,A31138,2017-09-18 01:11:00
863,2645 ,930E-4,A31139,2020-02-16 07:01:00
864,2646 ,930E-4,A31140,2017-10-20 12:00:00
865,HT819 Elkview ,930E-4,A31150,2017-04-10 11:41:00
866,HT820 Elkview ,930E-4,A31152,2016-03-10 08:14:00
867,HT777 Greenhills ,930E-4,A31154,2015-11-04 04:27:00
868,HT778 Greenhills ,930E-4,A31156,2017-08-15 04:01:00
869,HT829 Elkview ,930E-4,A31158,2017-01-10 12:03:00
